{"assets/images/10health.png":["assets/images/10health.png"],"assets/images/11instantnoodle.png":["assets/images/11instantnoodle.png"],"assets/images/12kombucha.png":["assets/images/12kombucha.png"],"assets/images/13Meats&Jerky.png":["assets/images/13Meats&Jerky.png"],"assets/images/14Microwave.png":["assets/images/14Microwave.png"],"assets/images/15Other.png":["assets/images/15Other.png"],"assets/images/16Grocery.png":["assets/images/16Grocery.png"],"assets/images/17Breakfast.png":["assets/images/17Breakfast.png"],"assets/images/18Cereal.png":["assets/images/18Cereal.png"],"assets/images/19Nuts&Seed.png":["assets/images/19Nuts&Seed.png"],"assets/images/1bakedsnacks.png":["assets/images/1bakedsnacks.png"],"assets/images/20Juice.png":["assets/images/20Juice.png"],"assets/images/21Soda.png":["assets/images/21Soda.png"],"assets/images/22Importedsoda.png":["assets/images/22Importedsoda.png"],"assets/images/23Water.png":["assets/images/23Water.png"],"assets/images/24EnergyDrink.png":["assets/images/24EnergyDrink.png"],"assets/images/25SportDrink.png":["assets/images/25SportDrink.png"],"assets/images/26ImportedCandy.png":["assets/images/26ImportedCandy.png"],"assets/images/27ImportedChocolate.png":["assets/images/27ImportedChocolate.png"],"assets/images/28SnackBars.png":["assets/images/28SnackBars.png"],"assets/images/29Popcorn.png":["assets/images/29Popcorn.png"],"assets/images/2candy.png":["assets/images/2candy.png"],"assets/images/30pretzel.png":["assets/images/30pretzel.png"],"assets/images/31SnackCup.png":["assets/images/31SnackCup.png"],"assets/images/3chips.png":["assets/images/3chips.png"],"assets/images/4chocolate.png":["assets/images/4chocolate.png"],"assets/images/5coffee.png":["assets/images/5coffee.png"],"assets/images/6drinks.png":["assets/images/6drinks.png"],"assets/images/7crackers.png":["assets/images/7crackers.png"],"assets/images/8gum.png":["assets/images/8gum.png"],"assets/images/9icecream.png":["assets/images/9icecream.png"],"assets/images/DoorDashLogo.png":["assets/images/DoorDashLogo.png"],"assets/images/SS_Logo.png":["assets/images/SS_Logo.png"],"assets/images/SS_Mascot.png":["assets/images/SS_Mascot.png"],"assets/images/SkipTheDishLogo.png":["assets/images/SkipTheDishLogo.png"],"assets/images/UberEatLogo.png":["assets/images/UberEatLogo.png"],"assets/images/candy.png":["assets/images/candy.png"],"assets/images/dots.png":["assets/images/dots.png"],"assets/images/inventory.png":["assets/images/inventory.png"],"assets/images/lays.jpg":["assets/images/lays.jpg"],"assets/images/orders.png":["assets/images/orders.png"],"assets/images/outofstock.png":["assets/images/outofstock.png"],"assets/images/settings.png":["assets/images/settings.png"],"packages/cupertino_icons/assets/CupertinoIcons.ttf":["packages/cupertino_icons/assets/CupertinoIcons.ttf"]}